{
    "r2_score": 0.9988764492980287,
    "mse": 0.0045886079285887525,
    "rmse": 0.06773926430504507,
    "mae": 0.014415266355328405
}